download,upload,ping
70696539.48079985,38517979.347896904,5.449
72185505.1441855,38773363.74469482,5.391
70418692.40820591,38610689.76972435,5.944
